video_id,sample_idx,time_sec,whole_frame_diff,tile_max_diff,tile_topk_mean,optical_flow_mag,ssim_change
story_01,1,0.2,23.0538,44.059,41.9463,1.7576,0.1236
story_01,2,0.4,7.4247,19.5187,17.8507,0.617,0.0574
story_01,3,0.6,32.4682,66.6524,64.4167,1.6148,0.19
story_01,4,0.8,50.088,107.1752,104.38,2.4063,0.2567
story_01,5,1.0,15.5965,50.3756,36.4698,1.5331,0.1513
story_01,6,1.2,11.766,39.0668,34.0119,1.3252,0.1513
story_01,7,1.4,28.9089,71.6973,69.0528,4.3273,0.316
story_01,8,1.6,33.9458,81.45,78.0408,5.1545,0.3874
story_01,9,1.8,22.0048,60.328,55.1531,3.5316,0.3081
story_01,10,2.0,19.6489,73.2387,51.8688,2.9471,0.2129
story_01,11,2.2,18.2626,80.3236,51.0736,9.1396,0.2499
story_01,12,2.4,59.4741,183.2461,133.4885,7.7943,0.5806
story_01,13,2.6,179.4046,245.0137,238.7811,7.3798,0.9453
story_01,14,2.8,3.1508,13.7701,12.0455,1.2086,0.1544
story_01,15,3.0,5.2064,23.1297,21.7969,0.9628,0.1591
story_01,16,3.2,16.3691,44.1961,36.3594,1.8558,0.5498
story_01,17,3.4,14.2416,29.0145,23.2487,3.4047,0.6268
story_01,18,3.6,9.5778,20.866,17.9284,2.0537,0.3571
story_01,19,3.8,4.7355,11.659,10.6295,0.4206,0.1164
story_01,20,4.0,31.9521,53.6947,53.1003,3.8873,0.6185
story_01,21,4.2,28.0406,40.7105,40.3494,4.0082,0.6272
story_01,22,4.4,39.9502,85.3601,72.2638,4.7478,0.7727
story_01,23,4.6,7.5482,15.68,12.7384,1.6483,0.2539
story_01,24,4.8,9.1807,14.0973,13.8069,2.3005,0.3256
story_01,25,5.0,12.3466,34.8017,28.56,0.7325,0.139
story_01,26,5.2,19.2598,42.0797,36.2166,0.9489,0.378
story_01,27,5.4,12.0448,24.6256,22.4415,0.323,0.6443
story_01,28,5.6,1.5845,5.1715,3.375,0.1024,0.1771
story_01,29,5.8,0.1666,0.9816,0.5206,0.0264,0.0146
story_01,30,6.0,2.3453,10.0821,9.0854,0.3525,0.0616
story_01,31,6.2,95.4356,254.9326,254.8231,1.3975,0.4602
story_01,32,6.4,84.9776,225.8351,219.5745,3.8529,0.5116
story_01,33,6.6,65.9612,223.3033,223.2572,1.3952,0.4031
story_01,34,6.8,13.9088,46.9662,37.5462,1.5469,0.268
story_01,35,7.0,11.2346,35.3145,34.6715,1.9037,0.2636
story_01,36,7.2,7.5161,25.9767,25.1042,1.1906,0.1657
story_01,37,7.4,1.3619,6.6558,5.8017,0.3081,0.0192
story_01,38,7.6,18.9664,40.1547,35.975,2.1166,0.2298
story_01,39,7.8,99.5735,103.0,103.0,1.0971,0.2747
story_01,40,8.0,108.5491,114.6429,114.0265,0.1129,0.6765
story_01,41,8.2,11.9987,18.4657,18.2721,0.5606,0.365
story_01,42,8.4,22.3507,46.3542,39.93,3.5364,0.4113
story_01,43,8.6,16.8423,35.5292,31.6135,5.0675,0.4254
story_01,44,8.8,14.9502,33.7167,28.9973,4.1152,0.4162
story_01,45,9.0,7.7436,16.4701,15.0926,1.5656,0.2484
story_01,46,9.2,2.6912,9.2121,8.8338,0.2519,0.0389
story_01,47,9.4,2.1803,6.5923,5.7509,0.1616,0.0282
story_01,48,9.6,0.0013,0.0107,0.0067,0.0008,0.0
story_01,49,9.8,19.8856,33.5629,29.2794,5.303,0.4575
story_01,50,10.0,31.6592,55.5796,51.8842,1.7177,0.5912
story_01,51,10.2,12.2702,21.9198,19.1238,0.2718,0.8126
story_01,52,10.4,137.5842,153.0,152.9012,1.8618,0.9997
story_01,53,10.6,72.0683,86.1492,80.2331,5.6308,0.4883
story_01,54,10.8,61.9008,134.3605,122.2021,6.4535,0.708
story_01,55,11.0,55.0009,108.8049,105.0659,6.8661,0.7578
story_01,56,11.2,0.2078,1.2866,0.8338,0.2414,0.0012
story_01,57,11.4,60.1977,120.3803,118.9463,5.4437,0.7409
story_01,58,11.6,31.0183,58.4261,52.5334,4.8924,0.6024
story_01,59,11.8,1.2622,4.7143,4.3284,0.1693,0.0154
story_01,60,12.0,197.0486,243.964,240.52,6.1683,0.9895
story_01,61,12.2,13.2113,61.7101,51.6616,0.8151,0.2015
story_01,62,12.4,39.4826,113.8651,103.5844,2.5431,0.4098
story_01,63,12.6,70.2312,158.5495,135.336,5.5959,0.5974
story_01,64,12.8,86.0938,151.3138,131.7042,16.8485,0.687
story_01,65,13.0,90.6066,201.8436,194.1507,14.4117,0.6096
story_01,66,13.2,63.4466,184.9025,147.8867,29.0983,0.5391
story_01,67,13.4,32.5802,53.4028,51.7809,19.9791,0.3247
story_01,68,13.6,6.6799,13.4189,12.6327,0.1713,0.0372
story_01,69,13.8,7.5701,13.3132,11.8502,0.2865,0.0383
story_01,70,14.0,11.1997,19.748,18.5331,0.5706,0.0768
story_01,71,14.2,12.2485,24.0739,23.1096,1.2665,0.1639
story_01,72,14.4,13.0398,27.6668,25.8549,3.0842,0.2573
story_01,73,14.6,16.0835,40.0818,37.3844,3.1388,0.304
story_01,74,14.8,12.7054,32.7374,29.8694,3.8252,0.2403
story_01,75,15.0,0.4012,1.777,1.2945,0.0278,0.0057
story_01,76,15.2,2.9098,9.9868,9.3441,0.306,0.0421
story_01,77,15.4,1.2464,3.4124,3.1626,0.0452,0.0112
story_01,78,15.6,0.0099,0.0403,0.0362,0.0003,0.0
story_01,79,15.8,0.0007,0.0118,0.0039,0.0001,0.0
story_01,80,16.0,2.9201,9.4461,9.0048,0.4085,0.0425
story_01,81,16.2,28.2434,60.4478,55.2111,55.936,0.2919
story_01,82,16.4,38.3972,86.2697,73.0612,9.3852,0.4111
story_01,83,16.6,18.0944,68.3146,49.6082,3.9918,0.2361
story_01,84,16.8,12.224,41.0844,35.1378,1.2999,0.1592
story_01,85,17.0,6.7896,26.3041,17.3637,0.5488,0.082
story_01,86,17.2,0.0118,0.0549,0.0377,0.0091,0.0
story_01,87,17.4,14.3735,43.7157,40.2566,6.0147,0.2077
story_01,88,17.6,13.7876,40.8283,38.6251,4.9997,0.2472
story_01,89,17.8,1.8009,13.9827,6.7357,1.2058,0.053
story_01,90,18.0,0.2805,1.381,1.0861,0.0302,0.0057
story_01,91,18.2,0.3366,1.9289,1.4939,0.0707,0.0087
story_01,92,18.4,0.6804,3.3868,2.919,0.082,0.0149
story_01,93,18.6,0.0004,0.0025,0.002,0.0,0.0
story_01,94,18.8,0.9948,4.2704,4.2076,0.2352,0.019
story_01,95,19.0,0.0025,0.0171,0.0116,0.0002,0.0
story_01,96,19.2,0.0017,0.0138,0.0088,0.0001,0.0
story_01,97,19.4,0.9683,4.0579,3.9301,0.1233,0.0184
story_01,98,19.6,0.0012,0.0079,0.0064,0.0001,0.0
story_01,99,19.8,1.0033,5.0285,4.154,0.208,0.0177
story_01,100,20.0,0.2795,0.3085,0.2968,0.0002,0.0024
story_01,101,20.2,0.2789,0.3085,0.2968,0.0002,0.0024
story_01,102,20.4,0.9162,3.9987,3.8569,0.1663,0.0213
story_01,103,20.6,1.0783,4.602,4.4026,0.1602,0.0228
story_01,104,20.8,0.001,0.0058,0.005,0.0,0.0
story_01,105,21.0,0.3261,1.0448,1.008,0.0072,0.0065
story_01,106,21.2,3.8054,6.9497,6.7878,0.2464,0.0372
story_01,107,21.4,101.7781,111.5697,109.4766,0.9882,0.1801
story_01,108,21.6,62.5112,72.4093,71.37,4.8315,0.1515
story_01,109,21.8,33.2584,56.0423,46.1713,3.1883,0.0974
story_01,110,22.0,10.9794,37.5431,36.5745,3.4902,0.1549
story_01,111,22.2,9.8673,46.5096,35.2066,5.4847,0.1486
story_01,112,22.4,6.5054,29.7344,22.964,2.141,0.1026
story_01,113,22.6,4.8145,24.1467,21.0447,1.6469,0.082
story_01,114,22.8,1.2451,5.17,5.0315,0.0576,0.0164
story_01,115,23.0,0.0005,0.0035,0.0028,0.0007,0.0
story_01,116,23.2,1.4182,6.0289,5.8247,0.0405,0.0211
story_01,117,23.4,4.0838,12.1428,11.1179,0.1457,0.0436
story_01,118,23.6,15.653,43.545,39.6323,1.6467,0.1551
story_01,119,23.8,113.6568,222.2364,201.2867,5.0708,0.7027
story_01,120,24.0,110.1917,245.4248,209.3618,6.4342,0.7452
story_01,121,24.2,38.5395,125.0242,93.1936,6.9009,0.3605
story_01,122,24.4,100.783,135.3725,132.2361,4.6257,0.9082
story_01,123,24.6,39.7178,66.3849,61.8829,5.2739,0.5397
story_01,124,24.8,2.2057,9.5931,6.3367,0.7913,0.048
story_01,125,25.0,28.3117,44.2557,40.522,4.2172,0.4299
story_01,126,25.2,15.5718,25.2418,24.9764,2.7817,0.2862
story_01,127,25.4,26.7533,39.6716,37.9715,4.1755,0.4025
story_01,128,25.6,56.4093,72.386,70.0238,7.4514,0.6613
story_01,129,25.8,126.2339,152.3654,142.6204,2.7927,0.5303
story_01,130,26.0,66.7459,107.2313,97.7677,7.1236,0.6036
story_01,131,26.2,58.8299,89.9398,82.8381,10.6801,0.7128
story_01,132,26.4,80.4107,174.4628,154.553,9.5725,0.6851
story_01,133,26.6,77.0738,146.1995,136.8364,6.4946,0.6904
story_01,134,26.8,106.8685,174.8492,163.0991,6.0999,0.8076
story_01,135,27.0,47.4649,136.2651,99.4671,6.1819,0.6455
story_01,136,27.2,27.1091,106.5157,77.6949,5.9297,0.2181
story_01,137,27.4,35.283,144.1215,105.4479,5.121,0.2668
story_01,138,27.6,32.1834,136.1602,100.3279,4.707,0.3093
story_01,139,27.8,39.8781,144.6624,104.5362,6.6786,0.532
story_01,140,28.0,118.4097,199.9822,187.9319,8.2236,0.8312
story_01,141,28.2,102.6122,193.6764,161.2574,6.0873,0.6237
story_01,142,28.4,21.7896,119.4458,100.0806,0.8686,0.1251
story_01,143,28.6,0.9932,5.1022,4.3934,0.0841,0.0187
story_01,144,28.8,1.8085,9.5211,8.0094,0.5189,0.0449
story_01,145,29.0,4.8949,15.653,14.2008,0.3384,0.0488
story_01,146,29.2,4.4275,13.4816,12.2701,0.2175,0.035
story_01,147,29.4,56.2681,57.0006,56.9998,0.121,0.0506
story_01,148,29.6,60.6217,62.0,61.9997,0.1829,0.0953
story_01,149,29.8,62.333,74.2511,68.3181,1.3102,0.2395
story_01,150,30.0,87.1555,137.2299,129.8197,6.6448,0.7502
story_01,151,30.2,128.8401,209.635,196.015,11.2086,0.8095
story_01,152,30.4,82.2675,135.3173,119.3281,12.2792,0.5706
story_01,153,30.6,76.4477,101.2385,95.6576,12.3372,0.5661
story_01,154,30.8,72.3857,112.8904,103.4689,9.1058,0.4708
story_01,155,31.0,71.5775,115.7318,106.8318,9.8306,0.3715
story_01,156,31.2,54.4742,115.7977,107.6195,8.4321,0.2799
story_01,157,31.4,37.0143,104.8075,99.2895,6.4662,0.1632
story_01,158,31.6,9.3951,36.4934,25.3244,0.7334,0.0705
story_01,159,31.8,0.3808,2.3329,1.8333,0.0163,0.0034
story_01,160,32.0,0.0003,0.0047,0.0018,0.0,0.0
story_01,161,32.2,0.8443,4.2737,3.8628,0.1357,0.014
story_01,162,32.4,0.9852,4.756,4.0926,0.0856,0.014
story_01,163,32.6,0.0,0.0,0.0,0.0,0.0
story_01,164,32.8,0.9852,4.7558,4.0924,0.1508,0.014
story_01,165,33.0,1.9569,9.0615,8.3432,0.153,0.0314
story_01,166,33.2,0.0035,0.0217,0.0167,0.0002,0.0
story_01,167,33.4,1.9563,9.0564,8.3386,0.2094,0.0314
story_01,168,33.6,1.0074,5.0341,4.2786,0.1106,0.0156
story_01,169,33.8,17.0967,79.4444,70.6289,1.7824,0.1033
story_01,170,34.0,70.6456,148.5352,144.765,8.2226,0.3811
story_01,171,34.2,105.0524,231.1697,184.1035,8.4397,0.5664
story_01,172,34.4,81.4302,161.0656,158.5285,4.3175,0.5598
story_01,173,34.6,122.5209,204.1467,192.784,1.4384,0.682
story_01,174,34.8,139.5277,220.3643,205.56,3.1002,0.7427
story_01,175,35.0,54.8424,141.5621,134.3937,8.4613,0.4561
story_01,176,35.2,12.8483,56.9247,48.4344,2.4486,0.1795
story_01,177,35.4,7.3892,37.2814,28.792,1.0177,0.1129
story_01,178,35.6,13.5992,44.6832,39.2995,4.505,0.1988
story_01,179,35.8,21.8216,100.2773,73.1987,6.9124,0.308
story_01,180,36.0,41.0945,102.2579,95.4226,6.594,0.469
story_01,181,36.2,101.0569,187.4443,184.1453,8.0683,0.7037
story_01,182,36.4,50.8382,106.541,105.804,15.6676,0.4493
story_01,183,36.6,30.3996,82.8344,71.0584,11.1761,0.3267
story_01,184,36.8,20.1815,73.0558,53.5206,8.1265,0.2636
story_01,185,37.0,4.0916,11.3429,8.7527,0.4375,0.0562
story_01,186,37.2,31.2718,33.0,32.9234,0.2101,0.0205
story_01,187,37.4,43.2277,46.6237,46.1912,0.5137,0.0878
story_01,188,37.6,49.5156,86.3835,69.1518,1.8648,0.128
story_01,189,37.8,54.4954,106.1708,89.8146,2.5081,0.1691
story_01,190,38.0,49.8718,72.7514,66.845,2.4337,0.3521
story_01,191,38.2,38.6738,76.6091,60.7082,2.1056,0.9566
story_01,192,38.4,7.0698,36.4953,31.3171,1.4323,0.091
story_01,193,38.6,3.2411,14.8849,13.629,0.4312,0.0638
story_01,194,38.8,3.8554,19.3759,16.6221,1.1133,0.0767
story_01,195,39.0,1.1244,4.8058,4.4475,0.2865,0.0379
story_01,196,39.2,2.6834,13.6058,11.7374,0.4228,0.0709
story_01,197,39.4,2.2569,8.0068,7.7582,1.063,0.0474
story_01,198,39.6,2.8962,12.0586,10.2911,0.5722,0.0745
story_01,199,39.8,3.7286,14.5673,11.5804,0.5993,0.0758
story_01,200,40.0,1.9423,4.2475,4.1344,0.2675,0.0349
story_01,201,40.2,4.2281,10.9022,10.6225,0.6418,0.0766
story_01,202,40.4,3.6157,10.2684,9.3439,1.2132,0.0691
story_01,203,40.6,8.5119,21.5514,20.6674,1.6592,0.1734
story_01,204,40.8,4.8687,8.6308,7.4531,0.3111,0.0853
story_01,205,41.0,63.0762,188.394,185.8443,1.411,0.821
story_01,206,41.2,7.0548,45.7853,25.9935,2.7523,0.2017
story_01,207,41.4,15.8779,85.8889,63.3999,3.6935,0.2284
story_01,208,41.6,19.4126,118.4449,77.8937,3.6068,0.2305
story_01,209,41.8,15.3119,90.0381,69.7407,3.9977,0.1772
story_01,210,42.0,10.634,73.6255,50.2036,4.994,0.1454
story_01,211,42.2,4.31,36.4975,22.1473,1.0056,0.0767
story_01,212,42.4,8.4767,79.0063,42.3254,9.8078,0.0935
story_01,213,42.6,0.2617,1.3802,1.0529,0.1303,0.0033
story_01,214,42.8,0.0194,0.1049,0.0849,0.0018,0.0001
story_01,215,43.0,2.4696,12.0134,9.8668,0.9459,0.0472
story_01,216,43.2,5.9863,39.8898,22.3773,1.1658,0.1394
story_01,217,43.4,17.6569,49.5465,46.3765,15.7882,0.5353
story_01,218,43.6,18.1745,51.6535,49.3288,25.1947,0.372
story_01,219,43.8,14.5383,50.3734,43.3201,8.2911,0.2727
story_01,220,44.0,0.0128,0.0616,0.0383,0.0015,0.0002
story_01,221,44.2,0.0019,0.0101,0.0081,0.0,0.0
